{"cameraMode":{"drawMode":0,"name":"Shaded","section":"Shading Mode"},"sceneLighting":true,"audioPlay":false,"sceneViewState":{"showFog":true,"showMaterialUpdate":false,"showSkybox":true,"showFlares":true,"showImageEffects":true,"showParticleSystems":true},"in2DMode":false,"pivot":{"x":-693.185302734375,"y":502.438232421875,"z":0.0},"rotation":{"x":-0.05727871134877205,"y":-0.004209279082715511,"z":0.0002482098061591387,"w":-0.9983658194541931},"size":398.01116943359377,"orthographic":true}