{"cameraMode":{"drawMode":0,"name":"Shaded","section":"Shading Mode"},"sceneLighting":true,"audioPlay":false,"sceneViewState":{"showFog":true,"showMaterialUpdate":false,"showSkybox":true,"showFlares":true,"showImageEffects":true,"showParticleSystems":true},"in2DMode":false,"pivot":{"x":30.720001220703126,"y":612.2591552734375,"z":1.4118400812149048},"rotation":{"x":0.014673891477286816,"y":0.04975755512714386,"z":0.000694338115863502,"w":-0.9986777305603027},"size":1763.1260986328125,"orthographic":true}