{"cameraMode":{"drawMode":0,"name":"Shaded","section":"Shading Mode"},"sceneLighting":true,"audioPlay":false,"sceneViewState":{"showFog":true,"showMaterialUpdate":false,"showSkybox":true,"showFlares":true,"showImageEffects":true,"showParticleSystems":true},"in2DMode":false,"pivot":{"x":-0.5999984741210938,"y":-0.3199958801269531,"z":0.0},"rotation":{"x":0.014673891477286816,"y":0.04975755512714386,"z":0.000694338115863502,"w":-0.9986777305603027},"size":31.203575134277345,"orthographic":true}