{"cameraMode":{"drawMode":0,"name":"Shaded","section":"Shading Mode"},"sceneLighting":true,"audioPlay":false,"sceneViewState":{"showFog":true,"showMaterialUpdate":false,"showSkybox":true,"showFlares":true,"showImageEffects":true,"showParticleSystems":true},"in2DMode":false,"pivot":{"x":-0.03958404064178467,"y":-0.07749998569488526,"z":-9.736000061035157},"rotation":{"x":0.014673891477286816,"y":0.04975755512714386,"z":0.000694338115863502,"w":-0.9986777305603027},"size":6.929715156555176,"orthographic":true}