{"cameraMode":{"drawMode":0,"name":"Shaded","section":"Shading Mode"},"sceneLighting":true,"audioPlay":false,"sceneViewState":{"showFog":true,"showMaterialUpdate":false,"showSkybox":true,"showFlares":true,"showImageEffects":true,"showParticleSystems":true},"in2DMode":false,"pivot":{"x":-365.65789794921877,"y":608.5357055664063,"z":0.0},"rotation":{"x":0.014673891477286816,"y":0.04975755512714386,"z":0.000694338115863502,"w":-0.9986777305603027},"size":408.2561340332031,"orthographic":true}